<?xml version="1.0" encoding="UTF-8"?>
<addon id="plugin.video.bbqguru"
       version="0.1.1"
       name="xbmc bbq"
       provider-name="Brian Addicks">
  <requires>
    <import addon="xbmc.gui"/>
    <import addon="xbmc.plugin"/>
  </requires>
  <extension point="xbmc.python.pluginsource" library="addondev1.py">
    <provides>video audio</provides>
  </extension>
  <extension point="xbmc.addon.metadata">
    <summary>Monitors BBQ Guru CyberQ Wifi system.</summary>
    <description>Overlay cooking stats retrieved from a CyberQ Wifi system</description>
    <platform>all</platform>
  </extension>
</addon>